STATION,NAME,LATITUDE,LONGITUDE,ELEVATION,STATE
USS0045L01S,"MOUNT EYAK, AK US",60.55,-145.75,428.2,ALASKA
USS0047O01S,"MONAHAN FLAT, AK US",63.31,-147.65,826,ALASKA
USC00503695,"HOONAH, AK US",58.1071,-135.4277,39.6,ALASKA
US1AKFN0044,"FOX 3.8 SW, AK US",64.917251,-147.702977,379.5,ALASKA
USS0053L01S,"TELAQUANA LAKE, AK US",60.98,-153.92,388.6,ALASKA
USW00026562,"PORT ALSWORTH 1 SW, AK US",60.1951,-154.3196,97.8,ALASKA
USW00026563,"KENAI 29 ENE, AK US",60.7237,-150.4484,86,ALASKA
US1AKAB0038,"EAGLE RIVER 7.8 SE, AK US",61.22724,-149.44008,657.1,ALASKA
USR0000ASTO,"STONEY ALASKA, AK US",61.0008,-153.8958,381,ALASKA
USC00504899,"KLAWOCK WATER PLANT, AK US",55.55158,-133.06469,26.8,ALASKA
USR0000ASTU,"STUART CREEK ALASKA, AK US",64.7189,-146.5044,470.3,ALASKA
USW00026564,"IVOTUK 1 NNE, AK US",68.4851,-155.7506,581.9,ALASKA
USW00026565,"DEADHORSE 3 S, AK US",70.1618,-148.4644,9.1,ALASKA
US1AKAB0052,"ANCHORAGE 4.7 SSW, AK US",61.1529,-149.9346,35.4,ALASKA
US1AKAB0051,"ANCHORAGE 4.5 E, AK US",61.21302478,-149.7648787,68.3,ALASKA
USR0000AZAR,"ZAREMBO ALASKA, AK US",56.3,-132.8486,335.3,ALASKA
US1AKAB0055,"ANCHORAGE 7.6 SSE, AK US",61.111287,-149.845998,67.1,ALASKA
USC00502352,"DELTA JUNCTION 20 SE, AK US",63.9647,-145.105,342.9,ALASKA
USR0000AJAT,"JATAHMUND LAKE ALASKA, AK US",62.6,-142.0833,701,ALASKA
USR0000ABRO,"BROADVIEW ALASKA, AK US",60.4833,-149.7667,190.5,ALASKA
USR0000AJAR,"JARVIS CREEK ALASKA, AK US",63.9486,-145.6189,434.6,ALASKA
USW00026438,"SEWARD AIRPORT, AK US",60.12927,-149.41849,4.1,ALASKA
USW00027406,"DEADHORSE, AK US",70.19146,-148.48005,17.7,ALASKA
USC00505733,"MATANUSKA EXPERIMENTAL FARM, AK US",61.5663,-149.2541,52.4,ALASKA
USC00505854,"METLAKATLA POWER, AK US",55.08563,-131.59008,17.1,ALASKA
USW00026435,"NENANA MUNICIPAL AIRPORT, AK US",64.54725,-149.08713,110.1,ALASKA
USC00502227,"CRAIG, AK US",55.4772,-133.1408,13.1,ALASKA
USW00027401,"BARTER ISLAND WEATHER SERVICE OFFICE AIRPORT, AK US",70.13389,-143.57694,14.9,ALASKA
USC00502107,"COLLEGE OBSERVATORY, AK US",64.8603,-147.8484,182,ALASKA
USR0000ANIN,"NINILCHIK ALASKA, AK US",60.0433,-151.6655,39.6,ALASKA
USS0050R04S,"GOBBLERS KNOB, AK US",66.75,-150.67,618.7,ALASKA
US1AKAB0062,"ANCHORAGE 8.3 SSE, AK US",61.11375,-149.77678,206,ALASKA
USS0050S01S,"COLDFOOT, AK US",67.25,-150.18,317,ALASKA
US1AKAB0060,"ANCHORAGE 2.1 SSW, AK US",61.188792,-149.915314,27.1,ALASKA
US1AKAB0065,"ANCHORAGE 5.1 SSW, AK US",61.150232,-149.959323,27.7,ALASKA
US1AKAB0064,"CHUGIAK 2.4 NE, AK US",61.418534,-149.44951,102.7,ALASKA
USC00505894,"MOOSE PASS 3 NW, AK US",60.5029,-149.4261,150,ALASKA
USR0000ASWA,"SWANSON RIVER ALASKA, AK US",60.7278,-150.8722,85.3,ALASKA
USR0000ABUU,"BUCKLAND UPLANDS ALASKA, AK US",65.9081,-160.8742,121.9,ALASKA
US1AKPW0009,"THORNE BAY 0.6 S, AK US",55.68,-132.518,22.9,ALASKA
USR0000AASI,"ASIK ALASKA, AK US",67.475,-162.2664,405.1,ALASKA
US1AKPW0001,"EDNA BAY 1.3 E, AK US",55.955264,-133.61775,,ALASKA
USC00505645,"MANLEY HOT SPRINGS 15 NE, AK US",65.1225,-150.2277,152.7,ALASKA
USC00505527,"LITTLE SUSITNA NR PALMER, AK US",61.7102,-149.2316,274.9,ALASKA
USW00025379,"SITKA 1 NE, AK US",57.0574,-135.3266,23.8,ALASKA
US1AKAB0073,"GIRDWOOD 1.2 E, AK US",60.954071,-149.1267211,67.7,ALASKA
USC00505881,"MINCHUMINA, AK US",63.9033,-152.2816,312.4,ALASKA
US1AKAB0076,"EAGLE RIVER 5.9 ESE, AK US",61.29385,-149.40675,267.3,ALASKA
US1AKFN0038,"FAIRBANKS 18.4 WNW, AK US",64.9509,-148.2157,420.3,ALASKA
USC00505884,"MONASHKA CREEK DAM, AK US",57.8426,-152.4585,39.6,ALASKA
US1AKFN0039,"ANAKTUVUK PASS 63.8 NE, AK US",68.626617,-149.59452,731.5,ALASKA
US1AKFN0032,"FAIRBANKS 6.3 W, AK US",64.839853,-147.863861,138.7,ALASKA
US1AKFN0035,"FAIRBANKS 18.9 WNW, AK US",64.92429,-148.258627,498,ALASKA
US1AKFN0031,"FAIRBANKS 7.2 NNE, AK US",64.9314,-147.5411,457.8,ALASKA
USC00505519,"LITTLE PORT WALTER, AK US",56.383,-134.6497,4.3,ALASKA
USS0046M04S,"SUGARLOAF MOUNTAIN, AK US",61.08,-146.3,167.6,ALASKA
USW00026451,"ANCHORAGE TED STEVENS INTERNATIONAL AIRPORT, AK US",61.16916,-150.02771,38,ALASKA
US1AKPW0011,"METLAKATLA 0.5 SSE, AK US",55.11823,-131.57613,35.4,ALASKA
USC00503212,"GALENA, AK US",64.7408,-156.8755,46.3,ALASKA
US1AKPW0013,"METLAKATLA 5.4 S, AK US",55.046351,-131.585692,32,ALASKA
USR0000APOO,"POORMAN ALASKA, AK US",64.105,-155.5583,285,ALASKA
USW00025367,"KLAWOCK AIRPORT, AK US",55.58191,-133.07468,20.8,ALASKA
USR0000AKEL,"KELLY ALASKA, AK US",67.9333,-162.3,125.6,ALASKA
USR0000AKEN,"KENAI NWR ALASKA, AK US",60.5917,-150.3167,121.9,ALASKA
USR0000ABOX,"BOX RIVER ALASKA, AK US",65.2989,-158.9053,350.5,ALASKA
USC00503368,"GOLDSTREAM CREEK, AK US",64.8938,-147.8753,175.9,ALASKA
USS0063P02S,"PARGON CREEK, AK US",64.99,-163.1,30.5,ALASKA
USC00506870,"PALMER JOB CORPS, AK US",61.5888,-149.0992,65.8,ALASKA
USR0000ABNT,"BENTALIT ALASKA, AK US",61.9358,-150.9858,45.7,ALASKA
USR0000AMCK,"MCKINLEY RIVER ALASKA, AK US",63.6492,-151.6397,256,ALASKA
USW00025381,"METLAKATLA 6 S, AK US",55.0455,-131.5877,32,ALASKA
USW00025382,"YAKUTAT 3 SSE, AK US",59.5087,-139.685,7.9,ALASKA
USW00025380,"GUSTAVUS 2 NE, AK US",58.4292,-135.69,6.1,ALASKA
USS0063P01S,"ROCKY POINT, AK US",64.53,-163.42,76.2,ALASKA
USC00505778,"MCKINLEY PARK, AK US",63.7175,-148.9692,630.9,ALASKA
USR0000AVUN,"VUNZIK LAKE ALASKA, AK US",66.7981,-146.7158,160,ALASKA
USW00096409,"TOOLIK LAKE 5 ENE, AK US",68.6483,-149.3986,750.1,ALASKA
USW00096408,"DENALI 27 N, AK US",63.452,-150.8747,678.2,ALASKA
USC00503275,"GILMORE CREEK, AK US",64.9766,-147.5211,288,ALASKA
USR0000ADUN,"DUNKLE HILLS ALASKA, AK US",63.2675,-149.5392,868.7,ALASKA
USW00096405,"CORDOVA 14 ESE, AK US",60.4731,-145.3542,25.3,ALASKA
USW00096404,"TOK 70 SE, AK US",62.737,-141.2083,609.6,ALASKA
USW00096407,"SELAWIK 28 E, AK US",66.562,-159.0036,6.7,ALASKA
USW00096406,"RUBY 44 ESE, AK US",64.5015,-154.1297,78.9,ALASKA
USR0000AFYK,"FORT YUKON ALASKA, AK US",66.57,-145.2508,141.7,ALASKA
USC00502179,"CORDOVA WWTP, AK US",60.5358,-145.778,3,ALASKA
USC00504594,"KETCHIKAN 10 N, AK US",55.4519,-131.8183,89.9,ALASKA
USC00504112,"JUNEAU DOUGLAS WWTP, AK US",58.2865,-134.385,12.5,ALASKA
USR0000AKAV,"KAVET CREEK ALASKA, AK US",67.1386,-159.0436,71.6,ALASKA
USR0000ATTA,"GOLD KING ALASKA, AK US",64.4044,-148.4622,169.5,ALASKA
USR0000AKAL,"KALUICH ALASKA, AK US",67.5733,-158.4317,757.7,ALASKA
USR0000AKAK,"KAKE ALASKA, AK US",56.9739,-133.66,121.9,ALASKA
USR0000AKAN,"KANUTI NWR ALASKA, AK US",66.0933,-152.17,251.5,ALASKA
USR0000AROU,"ROUND LAKE ALASKA, AK US",64.6847,-153.94,173.7,ALASKA
USW00026494,"FAIRBANKS 11 NE, AK US",64.9735,-147.51,347.5,ALASKA
USC00509919,"WRANGELL AIRPORT, AK US",56.4732,-132.3874,17.1,ALASKA
USR0000AANG,"ANGEL CREEK ALASKA, AK US",65.02,-146.228,335.3,ALASKA
USW00026492,"PORTAGE GLACIER VISITOR CENTER, AK US",60.78351,-148.84839,32.5,ALASKA
USW00026491,"ANCHORAGE LAKE HOOD SEA PLANE BASE, AK US",61.1786,-149.96509,25.1,ALASKA
USC00504103,"JUNEAU FORECAST OFFICE, AK US",58.4002,-134.5694,32.3,ALASKA
USC00504107,"JUNEAU LENA POINT, AK US",58.3869,-134.7658,10.7,ALASKA
USR0000AKAI,"KAIYUH ALASKA, AK US",64.4256,-158.1058,33.5,ALASKA
USC00507738,"PORT SAN JUAN, AK US",60.0502,-148.0672,12.2,ALASKA
USC00503294,"GLACIER BAY, AK US",58.4561,-135.8692,13.7,ALASKA
USW00025507,"HOMER AIRPORT, AK US",59.64196,-151.49098,19.1,ALASKA
USW00025628,"ST GEORGE ISLAND AIRPORT, AK US",56.57484,-169.66265,32,ALASKA
USW00025506,"ILIAMNA AIRPORT, AK US",59.74922,-154.90902,46.4,ALASKA
USS0049M08S,"INDIAN PASS, AK US",61.07,-149.48,716.3,ALASKA
USS0051K15S,"PORT GRAHAM, AK US",59.35,-151.85,91.4,ALASKA
USR0000ADON,"DONNELLY ALASKA, AK US",63.9833,-145.65,914.4,ALASKA
USR0000ASLR,"SALMON RIVER ALASKA, AK US",67.4597,-159.8405,366.1,ALASKA
US1AKKP0007,"SOLDOTNA 9.5 E, AK US",60.494368,-150.784236,88.4,ALASKA
US1AKKP0006,"SOLDOTNA 2.3 ESE, AK US",60.480939,-150.998581,29.9,ALASKA
USC00508615,"SOLDOTNA 5 SSW, AK US",60.4194,-151.1336,54.9,ALASKA
USS0048M04S,"MORAINE, AK US",61.38,-149,640.1,ALASKA
USW00025630,"SAND POINT 1 ENE, AK US",55.3473,-160.466,73.2,ALASKA
USS0044Q07S,"UPPER CHENA, AK US",65.1,-144.93,868.7,ALASKA
USC00503160,"FORT KNOX MINE, AK US",65.0033,-147.3408,494.1,ALASKA
USC00503163,"FORT RICHARDSON WATER TREATMENT PLANT, AK US",61.2272,-149.6504,143.3,ALASKA
USR0000ASLC,"SALCHA ALASKA, AK US",64.59,-146.14,304.8,ALASKA
USC00505464,"LAZY MOUNTAIN, AK US",61.6266,-149.0365,223.4,ALASKA
USC00503285,"GIRDWOOD WWTP, AK US",60.94889,-149.1592,13.1,ALASKA
USC00508731,"STERLING 6 SW, AK US",60.4905,-150.9188,89,ALASKA
USR0000ASKT,"SHAKTOOLIK RIVER ALASKA, AK US",64.6328,-159.9022,563.9,ALASKA
USW00025503,"KING SALMON AIRPORT, AK US",58.68294,-156.65634,20,ALASKA
USW00025624,"COLD BAY AIRPORT, AK US",55.22068,-162.7323,22,ALASKA
USW00025501,"KODIAK AIRPORT, AK US",57.75071,-152.4881,5,ALASKA
USW00000103,"WALES AIRPORT, AK US",65.617,-168.1,7,ALASKA
USC00507513,"PORT ALCAN, AK US",62.6211,-141.006,576.7,ALASKA
USW00000102,"BOB BARKER MEMORIAL AIRPORT, AK US",66.983,-160.433,51.2,ALASKA
USR0000ASKI,"SKILAK GUARD STATION ALASKA, AK US",60.4839,-150.4606,179.8,ALASKA
US1AKMS0012,"TALKEETNA 7.6 S, AK US",62.227249,-150.073073,116.7,ALASKA
US1AKMS0015,"MEADOW LAKES 1.0 WSW, AK US",61.61624,-149.627693,103.9,ALASKA
USR0000ACOT,"COTTONWOOD ALASKA, AK US",65.3458,-155.9361,399.3,ALASKA
USR0000ARMC,"RAM CREEK ALASKA, AK US",67.6853,-154.4731,914.4,ALASKA
USC00506581,"NORTH POLE, AK US",64.7581,-147.3253,144.8,ALASKA
US1AKMS0014,"WASILLA 2.7 NW, AK US",61.6058,-149.5233,150.3,ALASKA
USR0000ACOV,"COVILLE ALASKA, AK US",58.8025,-155.5628,457.2,ALASKA
USW00026616,"KOTZEBUE AIRPORT, AK US",66.88569,-162.6068,3.4,ALASKA
USC00505136,"KUPARUK, AK US",70.3289,-149.6114,19.5,ALASKA
USW00026617,"NOME AIRPORT, AK US",64.51112,-165.44002,5.4,ALASKA
USS0051K05S,"ANCHOR RIVER DIVIDE, AK US",59.86,-151.32,503.8,ALASKA
USS0049L09S,"GRANDVIEW, AK US",60.61,-149.06,335.3,ALASKA
US1AKMS0019,"TRAPPER CREEK 8.5 SSW, AK US",62.1329,-150.5371,111.6,ALASKA
USR0000ACOA,"COAL CREEK ALASKA, AK US",65.3139,-143.1322,265.2,ALASKA
USR0000ASNI,"SNIPE LAKE ALASKA, AK US",60.6103,-154.32,701,ALASKA
USW00026502,"KALTAG AIRPORT, AK US",64.3208,-158.7326,52.6,ALASKA
USW00000113,"ROBERT BOB CURTIS MEMORIAL AIRPORT, AK US",66.818,-161.022,17.1,ALASKA
USW00000111,"SHAKTOOLIK AIRPORT, AK US",64.37,-161.224,7,ALASKA
USW00026501,"GALENA AIRPORT, AK US",64.73667,-156.93444,46.6,ALASKA
USC00507783,"PUNTILLA, AK US",62.0911,-152.7349,566.3,ALASKA
US1AKMS0026,"TRAPPER CREEK 2.2 N, AK US",62.28062,-150.42229,129.2,ALASKA
US1AKMS0025,"PALMER 2.7 SW, AK US",61.5678,-149.1616,39.3,ALASKA
USR0000AERV,"EAGLE RIVER ALASKA, AK US",61.2725,-149.3661,128,ALASKA
USW00025516,"SELDOVIA AIRPORT, AK US",59.44597,-151.70653,8.7,ALASKA
US1AKMS0022,"CHICKALOON 1.7 WSW, AK US",61.785933,-148.529285,314.9,ALASKA
US1AKMS0021,"PALMER 7.1 WSW, AK US",61.5573,-149.3078,70.7,ALASKA
USR0000AMAN,"MANCHU ALASKA, AK US",64.7,-147.0167,204.5,ALASKA
USW00026615,"BETHEL AIRPORT, AK US",60.78497,-161.82931,32.6,ALASKA
USC00508505,"SITKA WATER TREATMENT PLANT, AK US",57.0466,-135.3497,10.7,ALASKA
USR0000ATOK,"TOK RIVER VALLEY ALASKA, AK US",62.9572,-143.3467,701,ALASKA
USS0048L06S,"ESTHER ISLAND, AK US",60.8,-148.09,15.2,ALASKA
USW00023583,"ALEKNAGIK 1 NNE, AK US",59.284,-158.6145,24.4,ALASKA
USW00025522,"KING SALMON 42 SE, AK US",58.2077,-155.9225,201.5,ALASKA
USW00025309,"JUNEAU AIRPORT, AK US",58.354,-134.55606,5.9,ALASKA
USC00507570,"PORT ALSWORTH, AK US",60.2036,-154.3163,79.2,ALASKA
USW00000490,"SHUNGNAK AIRPORT, AK US",66.88808,-157.16241,62.8,ALASKA
USR0000ACHS,"CHISTOCHINA ALASKA, AK US",62.5653,-144.6647,701,ALASKA
USC00509869,"WISEMAN, AK US",67.40822,-150.10958,360,ALASKA
USC00509747,"WALLY NOERENBERG HATCHERY, AK US",60.7986,-148.0872,10.7,ALASKA
USR0000ACHT,"CHITNA ALASKA, AK US",61.5319,-144.4397,177.1,ALASKA
USW00026643,"DEERING AIRPORT, AK US",66.06957,-162.76142,5.4,ALASKA
USW00026523,"KENAI AIRPORT, AK US",60.57909,-151.24152,30.2,ALASKA
USW00026644,"ANVIK AIRPORT, AK US",62.65,-160.18333,26.8,ALASKA
US1AKYK0001,"YAKUTAT 2.5 SE, AK US",59.5370498,-139.7032394,17.1,ALASKA
USW00026642,"KIVALINA AIRPORT, AK US",67.7306,-164.54788,5.7,ALASKA
USC00507442,"POINT LAY, AK US",69.73288,-163.00533,3.2,ALASKA
USR0000ACHM,"CHIMNEY LAKE ALASKA, AK US",67.7558,-150.4933,944.9,ALASKA
USR0000APAX,"PAXSON ALASKA, AK US",62.9453,-145.5014,813.8,ALASKA
USW00026628,"GOLOVIN AIRPORT, AK US",64.55044,-163.00716,7.6,ALASKA
USR0000ACHC,"CHICKEN CREEK ALASKA, AK US",62.1242,-141.8453,1597.2,ALASKA
USS0041P07S,"AMERICAN CREEK, AK US",64.79,-141.23,320,ALASKA
USR0000ACHG,"CHIGMIT MTNS ALASKA, AK US",60.2233,-153.4664,1371.6,ALASKA
USR0000ACHI,"CHISANA ALASKA, AK US",62.1333,-142.0833,1011.3,ALASKA
USR0000AREI,"REINDEER RIVER ALASKA, AK US",61.7161,-162.665,42.7,ALASKA
USR0000AWON,"WONDER LAKE ALASKA, AK US",63.4903,-150.8714,646.2,ALASKA
USR0000ACHA,"CHATANIKA ALASKA, AK US",65.0167,-148.5833,442,ALASKA
USR0000APAM,"PAMICHTUK LAKE ALASKA, AK US",67.7719,-152.195,823,ALASKA
USR0000APAL,"PORT ALSWORTH ALASKA, AK US",60.1958,-154.32,79.2,ALASKA
USR0000AREN,"RENEE ALASKA, AK US",62.71,-146.6181,792.5,ALASKA
USW00026635,"MOUNTAIN VILLAGE AIRPORT, AK US",62.09528,-163.68194,102.7,ALASKA
USC00508525,"SKAGWAY, AK US",59.4547,-135.3136,10.7,ALASKA
USW00026510,"MCGRATH AIRPORT, AK US",62.9574,-155.61009,101,ALASKA
USR0000ACKN,"CHICKEN ALASKA, AK US",64.06,-141.9294,871.7,ALASKA
USR0000ABIL,"BIG LAKE ALASKA, AK US",61.5183,-149.9078,30.5,ALASKA
USW00025329,"PETERSBURG 1, AK US",56.8055,-132.9372,32.6,ALASKA
US1AKAB0021,"EAGLE RIVER 2.6 ESE, AK US",61.312243,-149.495798,243.5,ALASKA
USC00509891,"NORTH POLE 1 N, AK US",64.76,-147.34,151.2,ALASKA
US1AKVC0008,"GLENNALLEN 3.2 NE, AK US",62.113896,-145.525639,445.6,ALASKA
US1AKVC0006,"PAXSON 10.8 SSE, AK US",62.939359,-145.517247,791,ALASKA
USW00000393,"TELLER AIRPORT, AK US",65.233,-166.35,89,ALASKA
USW00025331,"PALMER AIRPORT, AK US",61.59505,-149.09175,70.9,ALASKA
US1AKAB0015,"ANCHORAGE 5.0 ESE, AK US",61.194492,-149.757292,68.9,ALASKA
USW00025339,"YAKUTAT AIRPORT, AK US",59.51211,-139.67103,12.6,ALASKA
USW00027516,"UTQIA VIK FORMERLY BARROW 4 ENE, AK US",71.3213,-156.611,4.6,ALASKA
USW00027515,"NUIQSUT AIRPORT, AK US",70.21262,-150.99441,11.3,ALASKA
USW00026425,"GULKANA AIRPORT, AK US",62.15914,-145.45885,481.1,ALASKA
US1AKSF0006,"DELTA JUNCTION 9.8 SE, AK US",63.96291,-145.48059,381.6,ALASKA
USW00025335,"SKAGWAY AIRPORT, AK US",59.45383,-135.32769,7.4,ALASKA
US1AKSF0005,"DELTA JUNCTION 6.5 NW, AK US",64.141945,-145.829066,309.4,ALASKA
USW00026422,"EAGLE AIRPORT, AK US",64.77611,-141.16351,277.3,ALASKA
USC00509641,"UNIVERSITY EXPERIMENTAL STATION, AK US",64.8569,-147.861,144.8,ALASKA
USW00026409,"ANCHORAGE MERRILL FIELD, AK US",61.2163,-149.85724,38.4,ALASKA
USW00026528,"TALKEETNA AIRPORT, AK US",62.31978,-150.09744,106.8,ALASKA
USW00026529,"TANANA AIRPORT, AK US",65.173,-152.10676,68.7,ALASKA
USR0000ASIS,"SISIAK ALASKA, AK US",67.995,-160.3956,555.7,ALASKA
USR0000AFPK,"FOURPEAKED ALASKA, AK US",58.7058,-153.5181,327.4,ALASKA
USS0051K14S,"MCNEIL CANYON, AK US",59.74,-151.25,402.3,ALASKA
USR0000AGRN,"GRANITE ALASKA, AK US",60.7275,-149.287,156.1,ALASKA
US1AKHB0006,"MOSQUITO LAKE 5.7 SSE, AK US",59.4545,-136.02306,65.2,ALASKA
USR0000ATKL,"TOKLAT ALASKA, AK US",63.5242,-150.0433,944.9,ALASKA
US1AKHB0002,"HAINES 0.5 NNE, AK US",59.247309,-135.433272,113.1,ALASKA
US1AKHB0003,"HAINES 0.3 N, AK US",59.24437,-135.44055,104.9,ALASKA
USC00500707,"BEN S FARM, AK US",61.5632,-149.1542,38.7,ALASKA
USW00025325,"KETCHIKAN AIRPORT, AK US",55.3586,-131.72196,25.7,ALASKA
USW00026656,"BETHEL 87 WNW, AK US",61.3465,-164.0769,46.6,ALASKA
USW00026415,"BIG DELTA AIRPORT, AK US",63.99312,-145.72134,388.1,ALASKA
USW00027503,"WAINWRIGHT AIRPORT, AK US",70.63678,-160.01314,12.5,ALASKA
USW00025323,"HAINES AIRPORT, AK US",59.24287,-135.51139,6.4,ALASKA
USW00027502,"BARROW AIRPORT, AK US",71.28703,-156.73938,8.1,ALASKA
USW00026412,"NORTHWAY AIRPORT, AK US",62.96148,-141.93834,523.2,ALASKA
USW00026533,"BETTLES AIRPORT, AK US",66.91764,-151.51892,196.5,ALASKA
USR0000AUMI,"UMIAT AIRFIELD ALASKA, AK US",69.37,-152.1361,88.1,ALASKA
USW00026655,"RED DOG MINE 3 SSW, AK US",68.0277,-162.9212,287.1,ALASKA
USW00026410,"CORDOVA AIRPORT, AK US",60.48604,-145.4445,14.7,ALASKA
USW00026411,"FAIRBANKS INTERNATIONAL AIRPORT, AK US",64.80309,-147.87606,131.1,ALASKA
USW00026653,"TOKSOOK BAY AIRPORT, AK US",60.54139,-165.08722,18,ALASKA
USW00025322,"GUSTAVUS, AK US",58.4111,-135.7089,12.2,ALASKA
USR0000AHOM,"HOMER ALASKA, AK US",59.7458,-151.2083,217.9,ALASKA
USC00508584,"SNETTISHAM POWER PLANT, AK US",58.1421,-133.7385,8.8,ALASKA
USC00509793,"WHITESTONE FARMS, AK US",64.1539,-145.8894,303.3,ALASKA
USR0000AHON,"HOONAH ALASKA, AK US",57.8,-135.1333,137.2,ALASKA
US1AKJB0020,"JUNEAU 16.5 WSW, AK US",58.33571,-134.5767,21.6,ALASKA
USR0000ABCK,"BIRCH CREEK ALASKA, AK US",65.5847,-144.3636,259.1,ALASKA
USC00509314,"TOK NUMBER 2, AK US",63.3155,-143.0058,505.4,ALASKA
USS0045Q02S,"MONUMENT CREEK, AK US",65.08,-145.87,563.9,ALASKA
USR0000AHOD,"HODZANA ALASKA, AK US",66.7417,-148.6767,327.7,ALASKA
USS0042M01S,"MAY CREEK, AK US",61.35,-142.71,490.7,ALASKA
USR0000AHOG,"HOGATZA RIVER ALASKA, AK US",66.2167,-155.6667,208.8,ALASKA
USR0000AEIE,"EIELSON VISITOR CENTER ALASKA, AK US",63.4314,-150.3094,1136.9,ALASKA
USR0000AWLL,"WILLOW ALASKA, AK US",61.765,-150.0503,64,ALASKA
US1AKBC0004,"SLEETMUTE 1.4 SSE, AK US",61.70253,-157.169917,62.5,ALASKA
USS0050M01S,"ALEXANDER LAKE, AK US",61.75,-150.89,48.8,ALASKA
USS0048V01S,"PRUDHOE BAY, AK US",70.27,-148.57,9.1,ALASKA
USS0046Q07S,"UPPER NOME CREEK, AK US",65.37,-146.59,768.1,ALASKA
US1AKJB0011,"JUNEAU 5.6 NW, AK US",58.35684,-134.53131,17.7,ALASKA
US1AKJB0019,"JUNEAU 12.2 SW, AK US",58.279635,-134.397515,11.3,ALASKA
US1AKJB0017,"JUNEAU 23.3 W, AK US",58.44102,-134.76997,59.1,ALASKA
US1AKJB0016,"JUNEAU 15.7 NW, AK US",58.43395,-134.76565,14,ALASKA
USS0062S01S,"KELLY STATION, AK US",67.93,-162.28,94.5,ALASKA
USR0000ADEV,"DEVIL MOUNTAIN ALASKA, AK US",66.2758,-164.5308,86.9,ALASKA
USR0000AGLA,"GLACIER BAY INNER DOCK, AK US",58.4564,-135.8697,10.4,ALASKA
USR0000ATEL,"TELIDA ALASKA, AK US",63.44,-153.3567,198.1,ALASKA
USR0000ADEN,"DENALI VISITOR CENTER ALASKA, AK US",63.7322,-148.9055,548.6,ALASKA
USR0000ACCR,"CARIBOU PEAK ALASKA, AK US",65.1892,-147.5003,480.1,ALASKA
USR0000ARAB,"RABBIT CREEK ALASKA, AK US",61.0844,-149.7283,451.1,ALASKA
USR0000AGOP,"GOODPASTURE ALASKA, AK US",64.2381,-145.2669,463.3,ALASKA
USR0000ABEN,"BEN CREEK ALASKA, AK US",65.2833,-143.0667,563.9,ALASKA
USS0045R01S,"FORT YUKON, AK US",66.57,-145.25,131.1,ALASKA
USS0049L13S,"TURNAGAIN PASS, AK US",60.78,-149.18,573,ALASKA
USR0000ATHO,"THORNE BAY ALASKA, AK US",55.75,-132.9833,548.6,ALASKA
USC00509687,"VALDEZ, AK US",61.1312,-146.3822,18.9,ALASKA
USS0049L14S,"GROUSE CREEK DIVIDE, AK US",60.26,-149.34,213.4,ALASKA
USW00056401,"GLENNALLEN 64 N, AK US",63.0295,-145.5003,813.5,ALASKA
USC00507141,"PELICAN, AK US",57.9577,-136.2213,3.7,ALASKA
USS0045Q05S,"EAGLE SUMMIT, AK US",65.49,-145.41,1112.5,ALASKA
USR0000ASEV,"SEVEN MILE ALASKA, AK US",65.9383,-149.855,250.9,ALASKA
USR0000ASEL,"SELAWIK ALASKA, AK US",66.6033,-159.1125,32,ALASKA
USS0049L01S,"MOUNT ALYESKA, AK US",60.96,-149.09,469.4,ALASKA
USS0049M22S,"ANCHORAGE HILLSIDE, AK US",61.11,-149.67,634,ALASKA
USR0000AHOW,"HOWARD PASS ALASKA, AK US",68.1561,-156.8958,628.5,ALASKA
USW00025704,"ADAK AIRPORT, AK US",51.88333,-176.65,5.2,ALASKA
USS0049L19S,"SUMMIT CREEK, AK US",60.62,-149.53,426.7,ALASKA
USC00508020,"ROBERTSON RIVER, AK US",63.4501,-143.8335,458.7,ALASKA
USC00501987,"CIRCLE HOT SPRINGS, AK US",65.4939,-144.6422,262.1,ALASKA
USW00025713,"SAINT PAUL ISLAND AIRPORT, AK US",57.15505,-170.22272,8,ALASKA
USW00025711,"ST. PAUL 4 NE, AK US",57.1575,-170.2119,6.1,ALASKA
USR0000AMTN,"MOUNT NOAK ALASKA, AK US",67.1414,-162.9944,246.6,ALASKA
USR0000ATAK,"TOK AKTAS ALASKA, AK US",63.3253,-143.0017,518.8,ALASKA
USR0000ATAN,"TANA KNOB ALASKA, AK US",60.9081,-142.6978,1051.6,ALASKA
USR0000AUCR,"UPPER CHARLEY RIVER ALASKA, AK US",64.5167,-143.2022,1113.7,ALASKA
USR0000AKOY,"KOYUKUK NWR ALASKA, AK US",66.0083,-157.57,30.5,ALASKA
USR0000ATAH,"TAHINICHOK ALASKA, AK US",67.5503,-163.5672,294.4,ALASKA
USS0049M26S,"INDEPENDENCE MINE, AK US",61.79,-149.28,1082,ALASKA
USC00502737,"EKLUTNA WTP, AK US",61.4495,-149.323,195.1,ALASKA
USC00500433,"ATKA, AK US",52.21667,-174.2,11.9,ALASKA
USS0050K05S,"MIDDLE FORK BRADLEY, AK US",59.78,-150.76,701,ALASKA
USC00502610,"EAGLECREST BASE, AK US",58.2761,-134.514,345.6,ALASKA
USS0050L02S,"KENAI MOOSE PENS, AK US",60.73,-150.48,91.4,ALASKA
USR0000AHLM,"HELM ALASKA, AK US",55.5297,-131.3661,426.7,ALASKA
USR0000AINN,"INNOKO FLATS ALASKA, AK US",63.39,-158.8167,283.5,ALASKA
USR0000ASAK,"SOLDOTNA AKKKS ALASKA, AK US",60.4967,-151.0142,47.2,ALASKA
USR0000AINI,"INIGOK AIRFIELD ALASKA, AK US",70.0036,-153.0836,51.2,ALASKA
USR0000ASAR,"SMALL ARMS RANGE ALASKA, AK US",64.8,-147.6167,149.4,ALASKA
USS0049L18S,"EXIT GLACIER, AK US",60.19,-149.62,121.9,ALASKA
USR0000AIMY,"IMELYAK ALASKA, AK US",67.5461,-157.0692,1087.8,ALASKA
USR0000AWIG,"WIGAND ALASKA, AK US",63.8122,-150.05,524.3,ALASKA
USC00502607,"EAGLE, AK US",64.7856,-141.2036,259.1,ALASKA
USS0050K06S,"NUKA GLACIER, AK US",59.7,-150.71,381,ALASKA
USR0000ACAM,"CAMPBELL CREEK ALASKA, AK US",61.1586,-149.7967,47.9,ALASKA
USR0000AEAG,"EAGLE ALASKA, AK US",64.7761,-141.1619,268.2,ALASKA
USS0049T03S,"ATIGUN PASS, AK US",68.13,-149.48,1463,ALASKA
USC00503605,"HIDDEN FALLS HATCHERY, AK US",57.2177,-134.8769,6.7,ALASKA
USC00502871,"ESTER 5 NE, AK US",64.911,-147.9242,192,ALASKA
USS0054K01S,"MCNEIL RIVER SGS, AK US",59.08,-154.28,42.7,ALASKA
USR0000AKLP,"KILLIK PASS ALASKA, AK US",67.9703,-154.9242,914.4,ALASKA
USC00504812,"KITOI BAY, AK US",58.1913,-152.3722,18.3,ALASKA
USR0000AKLK,"KENAI LAKE ALASKA, AK US",60.3667,-149.4,144.8,ALASKA
USS0050N07S,"SUSITNA VALLEY HIGH, AK US",62.13,-150.04,114.3,ALASKA
USC00509148,"THORNE BAY, AK US",55.6918,-132.5246,87.2,ALASKA
USS0045O01S,"FIELDING LAKE, AK US",63.2,-145.63,914.4,ALASKA
USS0045M07S,"UPPER TSAINA RIVER, AK US",61.19,-145.65,533.4,ALASKA
USR0000AKLA,"KLAWASI ALASKA, AK US",62.1472,-144.9281,944.9,ALASKA
USR0000AFAR,"FAREWELL ALASKA, AK US",63.7233,-154.0767,236.2,ALASKA
USS0046P01S,"MUNSON RIDGE, AK US",64.85,-146.21,944.9,ALASKA
USR0000AFAI,"FAIRBANKS ALASKA, AK US",64.8367,-147.615,138.4,ALASKA
USR0000AMOT,"MOTHER GOOSE ALASKA, AK US",57.1792,-157.278,53.3,ALASKA
USS0049T01S,"IMNAVIAT CREEK, AK US",68.62,-149.3,929.6,ALASKA
USC00500235,"ALPINE, AK US",70.3463,-150.9282,5.2,ALASKA
USS0046Q01S,"MOUNT RYAN, AK US",65.25,-146.15,853.4,ALASKA
USC00501684,"CHICKEN, AK US",64.0917,-141.9211,548.6,ALASKA
USS0035K02S,"MOORE CREEK BRIDGE, AK US",59.59,-135.21,685.8,ALASKA
USC00503502,"HAINES NUMBER 2, AK US",59.23172,-135.46634,29.9,ALASKA
USC00502656,"EAGLE RIVER 5 SE, AK US",61.2968,-149.4399,151.8,ALASKA
USC00503504,"HAINES 40 NW, AK US",59.4503,-136.3615,249.9,ALASKA
USS0051R01S,"BETTLES FIELD, AK US",66.92,-151.53,195.1,ALASKA
USC00502642,"EAGLE RIVER NATURE CENTER, AK US",61.23446,-149.27091,158.5,ALASKA
USR0000ALOS,"LOST CREEK ALASKA, AK US",66.0425,-147.9714,213.4,ALASKA
USC00502645,"EAGLE RIVER GAKONA CIRCLE, AK US",61.3193,-149.5435,172.8,ALASKA
USR0000AGEO,"GEORGE CREEK ALASKA, AK US",63.8375,-144.3503,464.8,ALASKA
USS0045O04S,"GRANITE CRK, AK US",63.94,-145.4,378,ALASKA
USR0000AKIA,"KIANA ALASKA, AK US",66.9767,-160.4375,45.7,ALASKA
USR0000AQTZ,"QUARTZ CREEK ALASKA, AK US",65.4,-164.65,130.1,ALASKA
USS0049L10S,"COOPER LAKE, AK US",60.39,-149.69,365.8,ALASKA
USS0042N01S,"CHISANA, AK US",62.07,-142.05,1011.9,ALASKA
US1AKFN0015,"FAIRBANKS 5.7 N, AK US",64.9186,-147.6304,303.6,ALASKA
US1AKFN0016,"FAIRBANKS 4.4 W, AK US",64.844663,-147.797308,133.5,ALASKA
USC00501220,"CAMPBELL CREEK SCIENCE CENTER, AK US",61.1638,-149.7777,78.6,ALASKA
US1AKFN0011,"FAIRBANKS 7.2 ENE, AK US",64.89326667,-147.4436333,245.1,ALASKA
USR0000AHAY,"HAYCOCK ALASKA, AK US",65.2017,-161.155,53.9,ALASKA
USC00500490,"AURORA, AK US",64.8552,-147.7216,135,ALASKA
USR0000APRE,"PREACHER CREEK ALASKA, AK US",65.9233,-145.03,316.4,ALASKA
USC00500247,"AMBER LAKE, AK US",62.1925,-150.5033,136.9,ALASKA
USR0000AHAR,"HARDING ICEFIELD ALASKA, AK US",60.1489,-149.7986,1280.2,ALASKA
USR0000ALIV,"LIVENGOOD ALASKA, AK US",65.4236,-148.7217,137.2,ALASKA
USC00500243,"ALYESKA, AK US",60.9583,-149.1108,82.9,ALASKA
USC00500363,"ANNEX CREEK, AK US",58.3183,-134.1003,28,ALASKA
USS0046Q02S,"LITTLE CHENA RIDGE, AK US",65.12,-146.73,609.6,ALASKA
USR0000AHAI,"HAIDA ALASKA, AK US",55.3503,-132.6983,457.2,ALASKA
USS0048U01S,"SAGWON, AK US",69.42,-148.69,304.8,ALASKA
USR0000ALMI,"LAKE MINCHUMINA ALASKA, AK US",63.8933,-152.3106,225.6,ALASKA
USS0045P03S,"TEUCHET CREEK, AK US",64.95,-145.52,499.9,ALASKA
USC00500281,"ANCHORAGE UPPER DEARMOUN, AK US",61.1025,-149.7169,406.9,ALASKA
USC00500275,"ANCHORAGE FORECAST OFFICE, AK US",61.1561,-149.9847,39.9,ALASKA
USC00505604,"MAIN BAY, AK US",60.5181,-148.0931,17.4,ALASKA
USC00503304,"GLENNALLEN KCAM, AK US",62.1086,-145.5331,421.5,ALASKA
USS0050O01S,"KANTISHNA, AK US",63.54,-150.99,472.4,ALASKA
USC00502339,"DELTA 6 N, AK US",64.1172,-145.7511,322.8,ALASKA
USC00504991,"KODIAK WWTP, AK US",57.8048,-152.3561,16.5,ALASKA
USR0000APTM,"PT. MAC ALASKA, AK US",61.4225,-150.0914,61,ALASKA
USC00501240,"CANNERY CREEK, AK US",61.0183,-147.5147,25.9,ALASKA
USC00500270,"ANAKTUVUK PASS, AK US",68.16667,-151.76667,640.1,ALASKA
USR0000AGAT,"GATES GLACIER ALASKA, AK US",61.6028,-143.0131,1237.5,ALASKA
USS0033J01S,"LONG LAKE, AK US",58.19,-133.83,259.1,ALASKA
USC00504621,"KEYSTONE RIDGE, AK US",64.9156,-148.2711,487.7,ALASKA
USR0000AKIL,"KILBUCK ALASKA, AK US",60.32,-160.2,582.2,ALASKA
USS0050N05S,"TOKOSITNA VALLEY, AK US",62.63,-150.78,259.1,ALASKA
USC00502568,"DRY CREEK, AK US",63.67459,-144.60409,413,ALASKA
